,0
0,Rock
1,Rock
2,Rock
3,Rock
4,Rock
5,Hip-Hop
6,Rock
7,Rock
8,Rock
9,Rock
10,Rock
11,Rock
12,Rock
13,Hip-Hop
14,Rock
15,Rock
16,Rock
17,Hip-Hop
18,Rock
19,Hip-Hop
20,Rock
21,Rock
22,Rock
23,Rock
24,Rock
25,Rock
26,Rock
27,Rock
28,Hip-Hop
29,Rock
30,Rock
31,Hip-Hop
32,Rock
33,Rock
34,Hip-Hop
35,Rock
36,Rock
37,Rock
38,Hip-Hop
39,Rock
40,Rock
41,Rock
42,Rock
43,Rock
44,Rock
45,Rock
46,Rock
47,Rock
48,Rock
49,Rock
50,Rock
51,Rock
52,Hip-Hop
53,Rock
54,Hip-Hop
55,Hip-Hop
56,Rock
57,Hip-Hop
58,Rock
59,Hip-Hop
60,Hip-Hop
61,Rock
62,Rock
63,Rock
64,Rock
65,Rock
66,Rock
67,Rock
68,Rock
69,Rock
70,Rock
71,Rock
72,Hip-Hop
73,Rock
74,Rock
75,Hip-Hop
76,Rock
77,Rock
78,Rock
79,Rock
80,Hip-Hop
81,Hip-Hop
82,Rock
83,Rock
84,Rock
85,Rock
86,Rock
87,Rock
88,Hip-Hop
89,Rock
90,Rock
91,Rock
92,Rock
93,Rock
94,Rock
95,Rock
96,Rock
97,Rock
98,Hip-Hop
99,Rock
100,Rock
101,Hip-Hop
102,Rock
103,Rock
104,Rock
105,Rock
106,Rock
107,Rock
108,Rock
109,Hip-Hop
110,Rock
111,Rock
112,Rock
113,Rock
114,Rock
115,Hip-Hop
116,Rock
117,Hip-Hop
118,Hip-Hop
119,Hip-Hop
120,Rock
121,Rock
122,Rock
123,Rock
124,Rock
125,Rock
126,Rock
127,Rock
128,Rock
129,Rock
130,Hip-Hop
131,Rock
132,Rock
133,Rock
134,Rock
135,Rock
136,Rock
137,Rock
138,Rock
139,Rock
140,Rock
141,Rock
142,Rock
143,Hip-Hop
144,Rock
145,Rock
146,Rock
147,Rock
148,Rock
149,Rock
150,Hip-Hop
151,Rock
152,Hip-Hop
153,Rock
154,Rock
155,Rock
156,Rock
157,Rock
158,Rock
159,Hip-Hop
160,Rock
161,Rock
162,Rock
163,Rock
164,Rock
165,Rock
166,Rock
167,Rock
168,Rock
169,Rock
170,Rock
171,Rock
172,Hip-Hop
173,Rock
174,Hip-Hop
175,Rock
176,Rock
177,Rock
178,Rock
179,Hip-Hop
180,Hip-Hop
181,Rock
182,Hip-Hop
183,Hip-Hop
184,Rock
185,Rock
186,Rock
187,Rock
188,Rock
189,Rock
190,Hip-Hop
191,Rock
192,Rock
193,Rock
194,Rock
195,Rock
196,Rock
197,Rock
198,Rock
199,Hip-Hop
200,Rock
201,Hip-Hop
202,Rock
203,Rock
204,Rock
205,Rock
206,Hip-Hop
207,Hip-Hop
208,Hip-Hop
209,Rock
210,Rock
211,Rock
212,Rock
213,Rock
214,Rock
215,Rock
216,Rock
217,Rock
218,Rock
219,Rock
220,Rock
221,Rock
222,Hip-Hop
223,Rock
224,Rock
225,Rock
226,Rock
227,Rock
228,Rock
229,Rock
230,Hip-Hop
231,Hip-Hop
232,Hip-Hop
233,Rock
234,Rock
235,Rock
236,Hip-Hop
237,Rock
238,Rock
239,Rock
240,Rock
241,Rock
242,Rock
243,Rock
244,Rock
245,Hip-Hop
246,Rock
247,Hip-Hop
248,Rock
249,Rock
250,Hip-Hop
251,Rock
252,Rock
253,Rock
254,Hip-Hop
255,Hip-Hop
256,Rock
257,Rock
258,Rock
259,Rock
260,Rock
261,Hip-Hop
262,Rock
263,Rock
264,Rock
265,Rock
266,Rock
267,Hip-Hop
268,Rock
269,Hip-Hop
270,Rock
271,Hip-Hop
272,Rock
273,Rock
274,Hip-Hop
275,Rock
276,Rock
277,Rock
278,Rock
279,Rock
280,Rock
281,Rock
282,Hip-Hop
283,Rock
284,Rock
285,Rock
286,Hip-Hop
287,Rock
288,Hip-Hop
289,Rock
290,Rock
291,Rock
292,Rock
293,Rock
294,Rock
295,Rock
296,Rock
297,Rock
298,Rock
299,Rock
300,Rock
301,Rock
302,Rock
303,Rock
304,Rock
305,Hip-Hop
306,Rock
307,Hip-Hop
308,Rock
309,Rock
310,Rock
311,Rock
312,Rock
313,Rock
314,Rock
315,Rock
316,Hip-Hop
317,Rock
318,Rock
319,Hip-Hop
320,Rock
321,Hip-Hop
322,Rock
323,Rock
324,Rock
325,Rock
326,Rock
327,Rock
328,Rock
329,Hip-Hop
330,Rock
331,Rock
332,Rock
333,Rock
334,Rock
335,Rock
336,Rock
337,Rock
338,Rock
339,Rock
340,Rock
341,Rock
342,Rock
343,Rock
344,Hip-Hop
345,Hip-Hop
346,Rock
347,Rock
348,Rock
349,Hip-Hop
350,Rock
351,Rock
352,Rock
353,Rock
354,Rock
355,Rock
356,Rock
357,Rock
358,Rock
359,Rock
360,Hip-Hop
361,Rock
362,Rock
363,Rock
364,Rock
365,Rock
366,Rock
367,Rock
368,Rock
369,Rock
370,Rock
371,Rock
372,Rock
373,Rock
374,Rock
375,Rock
376,Rock
377,Hip-Hop
378,Hip-Hop
379,Hip-Hop
380,Hip-Hop
381,Rock
382,Rock
383,Rock
384,Rock
385,Rock
386,Hip-Hop
387,Hip-Hop
388,Hip-Hop
389,Rock
390,Rock
391,Rock
392,Rock
393,Rock
394,Rock
395,Rock
396,Hip-Hop
397,Rock
398,Rock
399,Rock
400,Rock
401,Rock
402,Rock
403,Hip-Hop
404,Rock
405,Rock
406,Rock
407,Rock
408,Rock
409,Rock
410,Rock
411,Rock
412,Rock
413,Rock
414,Rock
415,Rock
416,Rock
417,Rock
418,Rock
419,Rock
420,Hip-Hop
421,Rock
422,Rock
423,Hip-Hop
424,Rock
425,Rock
426,Rock
427,Rock
428,Rock
429,Rock
430,Hip-Hop
431,Rock
432,Rock
433,Rock
434,Rock
435,Rock
436,Rock
437,Rock
438,Hip-Hop
439,Rock
440,Rock
441,Rock
442,Rock
443,Rock
444,Hip-Hop
445,Rock
446,Rock
447,Rock
448,Rock
449,Rock
450,Rock
451,Hip-Hop
452,Rock
453,Rock
454,Rock
455,Rock
456,Rock
457,Hip-Hop
458,Rock
459,Rock
460,Rock
461,Hip-Hop
462,Rock
463,Rock
464,Rock
465,Hip-Hop
466,Rock
467,Rock
468,Rock
469,Rock
470,Rock
471,Rock
472,Rock
473,Rock
474,Rock
475,Hip-Hop
476,Rock
477,Rock
478,Rock
479,Rock
480,Rock
481,Rock
482,Rock
483,Hip-Hop
484,Hip-Hop
485,Rock
486,Rock
487,Rock
488,Rock
489,Rock
490,Rock
491,Hip-Hop
492,Rock
493,Rock
494,Rock
495,Rock
496,Rock
497,Rock
498,Rock
499,Rock
500,Rock
501,Rock
502,Rock
503,Rock
504,Rock
505,Rock
506,Hip-Hop
507,Rock
508,Rock
509,Rock
510,Rock
511,Hip-Hop
512,Rock
513,Rock
514,Rock
515,Rock
516,Hip-Hop
517,Rock
518,Rock
519,Hip-Hop
520,Rock
521,Rock
522,Hip-Hop
523,Rock
524,Rock
525,Rock
526,Rock
527,Rock
528,Rock
529,Rock
530,Rock
531,Rock
532,Hip-Hop
533,Rock
534,Rock
535,Hip-Hop
536,Rock
537,Rock
538,Rock
539,Hip-Hop
540,Rock
541,Rock
542,Rock
543,Rock
544,Rock
545,Rock
546,Rock
547,Rock
548,Rock
549,Rock
550,Rock
551,Rock
552,Rock
553,Rock
554,Rock
555,Rock
556,Hip-Hop
557,Rock
558,Rock
559,Rock
560,Rock
561,Hip-Hop
562,Rock
563,Rock
564,Rock
565,Rock
566,Rock
567,Rock
568,Rock
569,Rock
570,Rock
571,Rock
572,Rock
573,Rock
574,Rock
575,Rock
576,Rock
577,Rock
578,Rock
579,Rock
580,Rock
581,Rock
582,Rock
583,Rock
584,Rock
585,Rock
586,Rock
587,Rock
588,Hip-Hop
589,Hip-Hop
590,Rock
591,Rock
592,Rock
593,Rock
594,Rock
595,Rock
596,Rock
597,Rock
598,Rock
599,Hip-Hop
600,Rock
601,Rock
602,Rock
603,Rock
604,Rock
605,Rock
606,Rock
607,Hip-Hop
608,Rock
609,Rock
610,Rock
611,Rock
612,Rock
613,Rock
614,Rock
615,Rock
616,Hip-Hop
617,Hip-Hop
618,Rock
619,Rock
620,Rock
621,Rock
622,Rock
623,Rock
624,Rock
625,Hip-Hop
626,Hip-Hop
627,Hip-Hop
628,Rock
629,Rock
630,Rock
631,Rock
632,Rock
633,Rock
634,Rock
635,Rock
636,Rock
637,Rock
638,Hip-Hop
639,Rock
640,Hip-Hop
641,Rock
642,Rock
643,Rock
644,Rock
645,Rock
646,Rock
647,Rock
648,Rock
649,Rock
650,Rock
651,Rock
652,Rock
653,Rock
654,Hip-Hop
655,Hip-Hop
656,Rock
657,Rock
658,Hip-Hop
659,Rock
660,Rock
661,Rock
662,Rock
663,Rock
664,Rock
665,Rock
666,Rock
667,Rock
668,Rock
669,Hip-Hop
670,Rock
671,Hip-Hop
672,Rock
673,Rock
674,Rock
675,Rock
676,Rock
677,Rock
678,Rock
679,Rock
680,Hip-Hop
681,Rock
682,Rock
683,Rock
684,Rock
685,Rock
686,Rock
687,Rock
688,Rock
689,Rock
690,Rock
691,Rock
692,Rock
693,Rock
694,Rock
695,Rock
696,Rock
697,Rock
698,Rock
699,Rock
700,Rock
701,Rock
702,Rock
703,Rock
704,Rock
705,Rock
706,Hip-Hop
707,Rock
708,Rock
709,Rock
710,Hip-Hop
711,Rock
712,Rock
713,Hip-Hop
714,Rock
715,Hip-Hop
716,Rock
717,Hip-Hop
718,Rock
719,Rock
720,Rock
721,Rock
722,Rock
723,Hip-Hop
724,Rock
725,Rock
726,Hip-Hop
727,Rock
728,Rock
729,Hip-Hop
730,Hip-Hop
731,Rock
732,Rock
733,Rock
734,Hip-Hop
735,Rock
736,Rock
737,Rock
738,Rock
739,Hip-Hop
740,Rock
741,Rock
742,Rock
743,Rock
744,Rock
745,Hip-Hop
746,Rock
747,Rock
748,Rock
749,Rock
750,Rock
751,Hip-Hop
752,Rock
753,Hip-Hop
754,Rock
755,Hip-Hop
756,Hip-Hop
757,Rock
758,Rock
759,Rock
760,Rock
761,Rock
762,Rock
763,Hip-Hop
764,Rock
765,Rock
766,Rock
767,Rock
768,Rock
769,Rock
770,Hip-Hop
771,Rock
772,Rock
773,Rock
774,Rock
775,Rock
776,Hip-Hop
777,Hip-Hop
778,Rock
779,Hip-Hop
780,Hip-Hop
781,Hip-Hop
782,Rock
783,Rock
784,Rock
785,Rock
786,Rock
787,Rock
788,Rock
789,Rock
790,Rock
791,Rock
792,Rock
793,Hip-Hop
794,Rock
795,Rock
796,Rock
797,Rock
798,Hip-Hop
799,Rock
800,Rock
801,Hip-Hop
802,Rock
803,Hip-Hop
804,Hip-Hop
805,Rock
806,Rock
807,Rock
808,Rock
809,Rock
810,Rock
811,Hip-Hop
812,Hip-Hop
813,Rock
814,Rock
815,Rock
816,Rock
817,Rock
818,Hip-Hop
819,Rock
820,Rock
821,Rock
822,Rock
823,Rock
824,Rock
825,Rock
826,Rock
827,Rock
828,Rock
829,Rock
830,Rock
831,Rock
832,Rock
833,Hip-Hop
834,Rock
835,Rock
836,Rock
837,Hip-Hop
838,Rock
839,Rock
840,Rock
841,Hip-Hop
842,Rock
843,Rock
844,Rock
845,Rock
846,Rock
847,Rock
848,Rock
849,Rock
850,Rock
851,Rock
852,Rock
853,Rock
854,Rock
855,Hip-Hop
856,Rock
857,Rock
858,Hip-Hop
859,Rock
860,Rock
861,Rock
862,Rock
863,Rock
864,Rock
865,Rock
866,Rock
867,Rock
868,Rock
869,Rock
870,Hip-Hop
871,Hip-Hop
872,Rock
873,Rock
874,Rock
875,Rock
876,Rock
877,Rock
878,Hip-Hop
879,Rock
880,Hip-Hop
881,Rock
882,Rock
883,Rock
884,Rock
885,Rock
886,Rock
887,Rock
888,Rock
889,Rock
890,Hip-Hop
891,Rock
892,Hip-Hop
893,Rock
894,Rock
895,Rock
896,Rock
897,Rock
898,Hip-Hop
899,Rock
900,Rock
901,Rock
902,Hip-Hop
903,Rock
904,Rock
905,Rock
906,Hip-Hop
907,Rock
908,Rock
909,Rock
910,Rock
911,Rock
912,Rock
913,Rock
914,Rock
915,Rock
916,Rock
917,Rock
918,Rock
919,Rock
920,Rock
921,Rock
922,Rock
923,Rock
924,Rock
925,Rock
926,Rock
927,Rock
928,Rock
929,Rock
930,Rock
931,Rock
932,Rock
933,Rock
934,Hip-Hop
935,Rock
936,Rock
937,Rock
938,Rock
939,Rock
940,Rock
941,Rock
942,Rock
943,Rock
944,Hip-Hop
945,Rock
946,Rock
947,Rock
948,Rock
949,Rock
950,Rock
951,Rock
952,Rock
953,Hip-Hop
954,Rock
955,Rock
956,Rock
957,Rock
958,Rock
959,Rock
960,Hip-Hop
961,Rock
962,Rock
963,Rock
964,Hip-Hop
965,Hip-Hop
966,Rock
967,Rock
968,Rock
969,Rock
970,Rock
971,Rock
972,Rock
973,Hip-Hop
974,Rock
975,Rock
976,Rock
977,Hip-Hop
978,Rock
979,Rock
980,Rock
981,Rock
982,Rock
983,Rock
984,Rock
985,Rock
986,Rock
987,Hip-Hop
988,Rock
989,Rock
990,Rock
991,Rock
992,Rock
993,Rock
994,Rock
995,Hip-Hop
996,Rock
997,Rock
998,Rock
999,Rock
1000,Rock
1001,Rock
1002,Rock
1003,Rock
1004,Rock
1005,Hip-Hop
1006,Rock
1007,Rock
1008,Rock
1009,Hip-Hop
1010,Rock
1011,Rock
1012,Rock
1013,Rock
1014,Rock
1015,Rock
1016,Rock
1017,Rock
1018,Rock
1019,Rock
1020,Rock
1021,Rock
1022,Rock
1023,Rock
1024,Rock
1025,Rock
1026,Rock
1027,Rock
1028,Rock
1029,Rock
1030,Rock
1031,Hip-Hop
1032,Rock
1033,Rock
1034,Rock
1035,Rock
1036,Rock
1037,Hip-Hop
1038,Rock
1039,Rock
1040,Rock
1041,Rock
1042,Rock
1043,Hip-Hop
1044,Rock
1045,Rock
1046,Rock
1047,Rock
1048,Rock
1049,Hip-Hop
1050,Rock
1051,Hip-Hop
1052,Rock
1053,Rock
1054,Rock
1055,Rock
1056,Rock
1057,Hip-Hop
1058,Rock
1059,Rock
1060,Rock
1061,Rock
1062,Rock
1063,Hip-Hop
1064,Rock
1065,Rock
1066,Rock
1067,Rock
1068,Rock
1069,Hip-Hop
1070,Rock
1071,Hip-Hop
1072,Rock
1073,Rock
1074,Rock
1075,Rock
1076,Rock
1077,Rock
1078,Rock
1079,Hip-Hop
1080,Rock
1081,Rock
1082,Hip-Hop
1083,Rock
1084,Rock
1085,Rock
1086,Rock
1087,Rock
1088,Rock
1089,Rock
1090,Rock
1091,Rock
1092,Rock
1093,Hip-Hop
1094,Hip-Hop
1095,Rock
1096,Rock
1097,Rock
1098,Rock
1099,Rock
1100,Hip-Hop
1101,Rock
1102,Hip-Hop
1103,Rock
1104,Hip-Hop
1105,Rock
1106,Rock
1107,Rock
1108,Hip-Hop
1109,Rock
1110,Rock
1111,Rock
1112,Rock
1113,Rock
1114,Rock
1115,Rock
1116,Rock
1117,Rock
1118,Rock
1119,Hip-Hop
1120,Rock
1121,Rock
1122,Hip-Hop
1123,Rock
1124,Rock
1125,Rock
1126,Rock
1127,Hip-Hop
1128,Rock
1129,Hip-Hop
1130,Rock
1131,Hip-Hop
1132,Rock
1133,Rock
1134,Hip-Hop
1135,Hip-Hop
1136,Rock
1137,Rock
1138,Rock
1139,Rock
1140,Rock
1141,Rock
1142,Rock
1143,Rock
1144,Rock
1145,Rock
1146,Rock
1147,Hip-Hop
1148,Rock
1149,Rock
1150,Rock
1151,Rock
1152,Rock
1153,Rock
1154,Rock
1155,Rock
1156,Rock
1157,Rock
1158,Rock
1159,Rock
1160,Rock
1161,Rock
1162,Rock
1163,Rock
1164,Hip-Hop
1165,Rock
1166,Rock
1167,Hip-Hop
1168,Rock
1169,Rock
1170,Hip-Hop
1171,Rock
1172,Rock
1173,Rock
1174,Hip-Hop
1175,Rock
1176,Rock
1177,Rock
1178,Rock
1179,Rock
1180,Rock
1181,Rock
1182,Rock
1183,Rock
1184,Hip-Hop
1185,Rock
1186,Rock
1187,Rock
1188,Rock
1189,Rock
1190,Rock
1191,Hip-Hop
1192,Hip-Hop
1193,Rock
1194,Rock
1195,Hip-Hop
1196,Rock
1197,Rock
1198,Rock
1199,Rock
1200,Rock
1201,Rock
1202,Hip-Hop
1203,Rock
1204,Rock
1205,Rock
1206,Rock
1207,Rock
1208,Rock
1209,Rock
1210,Rock
1211,Rock
1212,Rock
1213,Hip-Hop
1214,Rock
1215,Rock
1216,Rock
1217,Rock
1218,Hip-Hop
1219,Rock
1220,Rock
1221,Hip-Hop
1222,Rock
1223,Hip-Hop
1224,Rock
1225,Rock
1226,Rock
1227,Rock
1228,Rock
1229,Rock
1230,Rock
1231,Rock
1232,Rock
1233,Rock
1234,Rock
1235,Rock
1236,Rock
1237,Hip-Hop
1238,Rock
1239,Rock
1240,Rock
1241,Hip-Hop
1242,Rock
1243,Hip-Hop
1244,Hip-Hop
1245,Hip-Hop
1246,Rock
1247,Rock
1248,Rock
1249,Rock
1250,Rock
1251,Rock
1252,Rock
1253,Rock
1254,Hip-Hop
1255,Rock
1256,Rock
1257,Rock
1258,Rock
1259,Rock
1260,Rock
1261,Rock
1262,Rock
1263,Rock
1264,Rock
1265,Rock
1266,Rock
1267,Rock
1268,Rock
1269,Rock
1270,Rock
1271,Rock
1272,Rock
1273,Rock
1274,Rock
1275,Rock
1276,Rock
1277,Rock
1278,Rock
1279,Rock
1280,Rock
1281,Rock
1282,Hip-Hop
1283,Rock
1284,Rock
1285,Hip-Hop
1286,Rock
1287,Rock
1288,Hip-Hop
1289,Rock
1290,Rock
1291,Rock
1292,Rock
1293,Rock
1294,Rock
1295,Hip-Hop
1296,Rock
1297,Rock
1298,Rock
1299,Rock
1300,Rock
1301,Hip-Hop
1302,Hip-Hop
1303,Rock
1304,Rock
1305,Rock
1306,Rock
1307,Rock
1308,Rock
1309,Rock
1310,Rock
1311,Rock
1312,Rock
1313,Rock
1314,Rock
1315,Rock
1316,Rock
1317,Hip-Hop
1318,Rock
1319,Rock
1320,Rock
1321,Rock
1322,Rock
1323,Hip-Hop
1324,Rock
1325,Rock
1326,Hip-Hop
1327,Rock
1328,Rock
1329,Rock
1330,Rock
1331,Rock
1332,Hip-Hop
1333,Rock
1334,Rock
1335,Rock
1336,Rock
1337,Rock
1338,Rock
1339,Rock
1340,Rock
1341,Rock
1342,Rock
1343,Rock
1344,Rock
1345,Rock
1346,Rock
1347,Rock
1348,Rock
1349,Rock
1350,Rock
1351,Rock
1352,Hip-Hop
1353,Rock
1354,Rock
1355,Rock
1356,Rock
1357,Rock
1358,Rock
1359,Rock
1360,Rock
1361,Rock
1362,Rock
1363,Rock
1364,Hip-Hop
1365,Hip-Hop
1366,Rock
1367,Rock
1368,Rock
1369,Rock
1370,Rock
1371,Hip-Hop
1372,Rock
1373,Rock
1374,Hip-Hop
1375,Rock
1376,Rock
1377,Hip-Hop
1378,Rock
1379,Rock
1380,Rock
1381,Rock
1382,Rock
1383,Rock
1384,Rock
1385,Rock
1386,Rock
1387,Rock
1388,Rock
1389,Rock
1390,Rock
1391,Rock
1392,Rock
1393,Rock
1394,Rock
1395,Hip-Hop
1396,Rock
1397,Rock
1398,Rock
1399,Rock
1400,Rock
1401,Rock
1402,Rock
1403,Rock
1404,Rock
1405,Hip-Hop
1406,Rock
1407,Hip-Hop
1408,Rock
1409,Hip-Hop
1410,Rock
1411,Rock
1412,Hip-Hop
1413,Rock
1414,Rock
1415,Rock
1416,Rock
1417,Hip-Hop
1418,Rock
1419,Rock
1420,Hip-Hop
1421,Hip-Hop
1422,Rock
1423,Hip-Hop
1424,Hip-Hop
1425,Rock
1426,Rock
1427,Rock
1428,Rock
1429,Rock
1430,Rock
1431,Rock
1432,Rock
1433,Rock
1434,Hip-Hop
1435,Rock
1436,Rock
1437,Rock
1438,Rock
1439,Rock
1440,Rock
